"V1","V2","V3","V4","V5","V6","V7","V8","V9","V10","V11","V12","V13","V14","V15","V16","V17","V18","V19","V20","V21","V22","V23","V24","V25","V26","V27","V28","V29","V30","V31","V32","V33","V34","V35","V36","V37","V38","V39","V40","V41","V42","V43","V44","V45","V46","V47","V48","V49","V50","V51","V52","V53","V54","V55","V56","V57","V58","V59","V60","V61","V62","V63","V64","V65","V66","V67","V68","V69","V70","V71","V72","V73","V74","V75","V76","V77","V78","V79","V80","V81","V82","V83","V84","V85","V86","V87","V88","V89","V90","V91","V92","V93","V94","V95","V96","V97","V98","V99","V100"
474,461,431,408,425,411,478,529,541,541,547,548,556,545,516,498,482,469,440,377,341,359,309,397,445,486,544,547,556,535,455,392,360,389,459,466,401,337,297,242,186,267,277,243,228,229,203,183,190,218,242,291,316,280,277,246,259,279,315,291,338,343,319,304,296,303,359,420,500,472,438,384,462,399,269,259,257,243,228,215,208,202,196,191,188,189,182,176,190,178,182,219,282,309,271,232,197,182,162,150
511,487,464,479,445,388,468,523,519,508,547,568,576,559,540,516,477,422,463,423,430,473,407,448,516,556,539,470,403,386,383,425,485,499,471,437,394,333,262,223,185,170,183,200,217,198,181,208,218,226,247,318,329,325,355,353,347,366,350,343,329,312,311,312,290,297,350,404,433,442,416,398,338,268,320,382,372,323,260,222,210,205,203,211,207,221,230,229,288,307,346,324,287,257,226,199,175,160,154,148
460,472,476,436,403,399,482,513,501,495,539,523,576,579,547,535,519,539,531,536,497,527,491,527,575,579,548,472,395,340,355,427,445,401,351,338,318,286,260,232,196,163,176,187,183,172,189,200,212,221,255,294,283,288,326,383,411,369,305,310,283,287,328,288,270,276,344,396,384,351,388,407,335,339,408,396,326,269,239,223,212,217,234,241,209,251,220,241,348,356,315,272,229,200,184,170,148,145,141,138
495,475,469,436,405,384,448,497,493,465,480,531,581,582,588,601,587,566,560,543,521,544,546,543,545,523,487,456,411,379,305,308,387,384,315,315,320,259,230,212,181,158,168,164,172,170,200,209,220,226,230,254,311,362,363,367,372,339,265,278,252,255,259,255,264,282,303,357,408,392,356,343,368,387,372,339,311,287,259,238,224,217,204,225,232,203,201,211,270,282,268,226,178,161,167,157,174,161,149,138
459,459,435,433,389,390,484,516,521,463,456,526,568,559,534,557,554,543,522,503,476,507,500,474,408,410,425,435,409,370,368,327,300,316,311,286,241,221,203,190,161,161,162,173,178,200,204,230,255,239,236,281,330,351,308,311,331,302,284,238,271,263,271,312,338,343,393,428,445,457,430,407,389,386,347,310,286,276,261,257,276,282,254,356,362,377,348,289,235,198,177,162,154,177,193,188,194,173,153,146
454,466,466,441,371,378,464,480,473,426,488,490,519,517,491,520,527,466,434,436,460,426,467,482,431,373,347,337,334,354,358,352,309,268,220,241,234,204,188,172,158,159,186,198,192,196,210,234,227,235,269,263,269,279,318,284,292,309,254,225,238,238,280,325,357,418,488,496,465,416,378,387,433,494,479,382,313,282,279,279,275,295,354,380,378,338,301,264,214,185,201,186,173,192,216,208,191,160,142,135
422,462,438,419,372,353,464,501,481,402,382,439,483,481,444,495,494,458,403,371,356,363,437,447,439,431,366,302,319,300,302,321,274,233,209,214,213,192,171,155,154,189,190,193,191,197,197,207,236,277,361,385,290,253,281,255,265,285,245,213,231,274,331,384,456,488,477,505,477,436,384,461,466,502,480,466,391,318,270,260,250,263,276,267,263,248,231,197,180,210,229,219,210,214,221,201,178,159,168,170
377,448,466,437,364,389,474,500,495,476,426,359,435,406,423,438,406,346,380,395,336,363,398,423,418,334,310,278,251,274,322,293,244,227,213,190,193,176,179,152,149,162,167,170,172,188,191,207,228,307,389,367,323,282,227,228,233,226,217,204,217,284,343,430,438,401,396,375,429,419,358,393,388,445,429,376,346,318,318,298,304,295,280,251,241,221,195,195,196,208,234,242,238,227,204,180,168,172,180,171
368,395,453,423,348,365,431,473,498,487,453,390,348,405,328,331,367,362,394,354,311,361,329,318,338,289,277,261,232,234,248,292,286,264,236,215,186,180,180,190,174,155,140,147,165,198,226,222,275,345,329,258,226,223,236,246,250,267,311,277,212,225,264,388,439,349,316,347,428,427,387,329,347,391,397,373,357,373,359,335,327,310,289,265,228,205,208,228,232,231,239,232,211,189,170,158,148,147,148,149
409,358,360,393,340,333,416,472,476,465,453,414,313,302,294,359,424,421,374,331,274,322,334,291,248,253,275,259,246,216,222,266,268,250,236,210,203,201,191,175,186,198,184,148,149,183,171,206,258,269,195,190,230,330,386,400,385,379,379,361,283,202,239,302,293,348,454,480,497,486,444,343,315,339,340,366,363,364,367,370,337,309,273,233,213,221,239,256,257,236,213,187,169,154,143,135,124,126,125,117
409,375,331,357,389,335,402,426,449,425,376,344,317,279,383,443,398,426,401,363,348,318,283,249,217,236,233,231,214,200,211,211,208,210,204,205,198,178,185,181,164,158,155,151,138,128,126,128,141,137,138,178,290,384,395,350,382,387,333,306,274,219,265,326,384,415,487,486,459,413,395,373,339,343,324,306,290,297,337,335,285,251,233,221,241,256,251,227,204,186,168,159,146,133,123,112,103,91,86,83
432,434,404,346,355,324,352,411,447,425,339,344,348,308,344,423,380,402,432,396,301,281,252,270,215,205,216,238,214,196,239,205,189,187,179,177,171,158,151,151,156,152,154,151,151,158,158,157,204,156,137,142,252,385,435,378,313,358,302,327,241,198,249,321,341,393,460,440,408,413,393,383,364,388,387,354,298,272,269,261,252,281,283,275,266,243,213,188,168,151,136,120,107,99,90,89,78,81,89,82
425,403,392,369,325,301,333,384,382,401,398,458,470,367,264,355,412,347,433,422,291,239,227,231,209,216,199,197,194,192,186,178,176,171,176,178,159,171,217,265,252,236,204,205,209,206,192,175,179,180,177,144,288,375,362,340,292,316,251,261,211,213,292,287,357,421,418,407,346,381,411,374,343,327,311,277,290,330,319,308,299,287,262,235,209,188,172,157,136,116,103,95,85,78,75,72,70,82,83,78
409,330,344,317,304,336,364,347,417,470,483,448,459,393,264,339,360,368,332,335,288,217,216,245,220,190,196,223,220,197,168,173,191,195,181,193,217,260,332,339,295,331,334,303,227,206,180,180,206,266,202,130,288,329,289,224,261,195,200,196,303,397,436,436,443,408,383,375,337,318,334,320,290,268,267,282,291,300,302,296,266,242,215,189,168,158,147,120,103,95,92,86,80,70,69,68,66,66,68,70
323,358,287,283,334,387,457,499,508,497,433,419,388,340,293,262,323,375,272,300,248,211,196,195,213,193,191,195,200,180,199,221,278,254,275,361,383,388,407,367,343,356,327,258,290,248,274,303,397,380,311,186,158,209,214,177,213,308,385,394,434,425,389,388,381,386,392,384,376,336,294,267,262,274,309,338,338,309,274,243,215,179,128,95,88,91,83,73,73,73,70,70,69,67,64,63,63,63,64,63
317,305,239,245,348,445,492,486,466,500,478,455,382,358,326,273,267,273,245,219,215,208,199,197,187,181,187,191,186,198,224,279,387,370,428,417,372,342,318,317,324,293,261,305,292,332,402,447,449,406,319,225,138,182,193,240,351,399,408,367,351,339,325,302,281,287,305,295,300,276,260,274,308,342,339,348,311,274,245,211,158,101,72,72,72,72,69,67,65,65,65,65,65,64,64,64,63,63,65,69
190,213,249,373,460,474,426,419,440,461,456,436,476,442,439,375,265,219,203,199,195,193,193,194,188,208,221,239,253,245,329,419,454,442,410,382,394,384,370,393,369,337,299,356,327,382,422,428,421,401,356,281,140,223,297,320,334,334,367,302,293,289,284,245,230,253,236,232,241,242,249,274,312,337,334,305,275,243,215,161,89,75,86,118,145,149,137,125,90,78,72,76,91,121,112,78,70,67,64,77
254,313,367,394,455,439,350,363,404,445,482,478,482,402,303,267,230,211,203,203,214,233,218,211,234,249,277,297,397,380,411,436,427,429,433,431,437,424,420,428,411,377,333,391,388,403,397,364,355,356,320,281,150,191,238,265,290,310,313,269,236,214,222,257,307,320,338,316,296,299,291,299,286,275,268,244,218,177,129,80,74,89,118,129,145,151,143,145,124,101,102,153,235,281,273,223,164,92,72,82
195,257,280,411,422,361,300,358,369,435,467,392,337,286,254,247,226,223,219,237,256,230,217,245,287,327,340,388,430,437,423,421,419,411,410,437,427,385,381,400,411,404,383,378,391,389,390,368,342,312,312,289,212,154,154,179,199,240,267,233,219,205,248,297,343,366,375,356,349,338,312,295,276,234,200,182,148,109,91,92,79,99,112,128,139,140,147,154,142,152,168,158,201,248,278,267,223,137,85,76
137,164,244,365,333,254,332,330,340,426,361,309,307,330,278,285,250,243,244,261,235,227,248,299,361,414,447,454,445,410,400,442,430,396,374,395,400,381,345,371,373,384,408,410,384,361,346,323,283,284,272,233,211,210,220,166,125,122,170,187,238,275,307,310,310,309,296,286,291,277,258,240,226,215,202,173,104,78,91,96,84,113,145,195,193,173,175,241,262,273,260,228,183,173,198,237,250,220,197,125
123,118,188,322,276,235,224,250,326,313,248,295,305,293,319,343,309,297,279,243,247,280,324,353,355,426,442,422,435,436,389,399,423,413,398,365,406,391,335,360,322,341,375,395,394,388,358,350,332,257,249,255,287,284,189,181,218,202,138,152,208,233,256,272,251,265,251,239,227,221,187,180,153,139,111,83,78,86,92,99,104,120,150,214,234,224,263,307,294,290,271,235,197,166,157,159,185,199,230,243
147,183,217,234,240,213,171,197,210,195,223,235,276,334,331,307,307,289,253,275,300,314,371,425,430,416,421,399,428,432,402,383,390,421,398,358,404,412,352,315,310,310,356,380,393,374,362,332,291,298,360,354,334,304,289,238,240,209,186,139,116,151,189,202,210,221,217,196,194,186,158,137,118,80,79,83,105,115,144,158,159,155,178,286,353,369,353,335,314,299,303,292,272,224,166,151,143,137,159,239
157,199,201,208,184,173,136,147,176,232,265,260,293,319,307,292,295,273,259,283,295,332,380,425,414,389,415,388,431,431,423,395,352,397,372,342,373,407,404,352,290,302,345,367,391,412,414,406,382,378,357,335,306,285,244,229,249,240,252,207,117,105,125,163,210,219,209,189,160,147,104,83,79,84,102,115,124,145,223,229,252,271,230,245,337,377,410,425,412,401,382,339,303,265,225,183,172,141,129,154
155,218,211,180,151,121,129,173,216,243,240,211,261,273,295,300,284,288,306,279,306,375,411,393,405,380,353,406,431,383,388,387,350,347,363,334,320,369,377,343,318,285,279,318,369,397,391,386,390,355,331,299,262,263,306,339,370,343,296,257,192,102,105,145,174,172,164,150,111,87,84,91,111,132,147,156,161,171,207,268,329,371,361,307,316,400,443,465,417,387,402,399,349,302,264,240,203,183,144,128
249,259,201,159,110,122,160,177,182,205,240,286,313,289,326,326,322,317,315,310,314,375,369,361,402,403,352,379,346,368,394,395,349,315,369,393,344,303,300,331,369,310,264,316,366,361,375,403,361,352,326,296,319,322,345,353,333,314,297,298,294,208,106,96,100,97,89,85,85,85,90,135,147,155,156,185,245,243,273,366,346,388,401,371,353,370,414,430,430,386,348,381,379,337,301,254,205,166,169,157
219,214,164,124,114,176,161,169,188,237,298,329,265,280,328,278,339,336,352,374,326,315,321,326,359,379,394,344,312,364,401,405,372,315,316,353,359,314,275,344,363,289,266,306,292,318,389,394,394,390,367,364,351,339,315,301,280,254,227,250,272,253,156,119,113,112,123,131,110,98,113,140,146,153,177,240,306,327,354,331,384,437,487,478,450,434,430,392,361,379,338,311,317,312,316,274,227,185,172,172
174,137,111,88,111,130,177,176,184,233,338,364,297,244,257,321,332,368,410,411,387,375,332,293,329,378,381,312,320,382,404,415,400,376,319,272,273,332,288,293,354,356,329,262,242,302,340,323,352,354,345,335,350,348,333,316,298,270,222,200,220,189,152,187,188,149,136,129,107,118,134,154,177,247,262,289,314,344,378,389,395,508,634,640,552,458,398,359,332,320,355,328,283,264,279,284,258,226,200,181
122,88,86,161,178,222,248,212,190,236,285,296,265,222,292,296,355,410,392,388,399,372,386,337,276,318,380,307,317,331,374,394,391,384,349,339,282,294,320,306,289,299,374,339,258,264,284,295,321,336,327,308,297,298,312,312,298,270,233,194,168,154,169,200,169,130,117,108,129,147,218,268,290,264,295,303,345,381,438,512,475,581,574,606,686,638,564,483,408,316,285,327,340,285,242,258,269,232,204,191
82,73,136,116,117,140,144,144,156,175,193,205,202,263,263,341,414,414,387,367,346,340,326,297,271,343,391,351,290,295,320,329,332,376,394,362,332,308,257,306,259,291,362,329,274,231,258,289,318,341,344,328,292,254,256,251,251,243,230,204,172,153,148,147,137,124,113,123,165,252,278,310,326,331,345,334,381,448,585,627,646,589,477,532,669,663,567,533,530,380,286,253,298,298,243,223,246,254,240,224
69,83,101,145,194,151,139,177,191,214,186,215,237,241,325,407,395,396,403,405,379,327,297,317,259,331,358,377,373,268,246,296,350,378,358,341,338,292,262,236,270,351,379,360,293,222,253,291,300,295,294,313,303,253,211,203,218,186,162,159,157,158,157,144,129,119,121,139,181,210,243,294,322,352,401,428,535,632,650,596,554,615,524,438,576,647,596,416,418,461,364,264,227,267,264,228,211,243,240,229
116,124,175,205,207,191,187,157,155,161,223,252,244,339,400,383,365,364,369,375,381,365,308,273,254,293,335,372,365,346,299,260,245,276,272,313,316,297,259,232,287,342,337,305,287,235,215,243,254,244,241,246,241,231,204,177,173,179,240,268,248,209,179,150,138,142,161,166,186,230,265,300,329,380,533,644,686,681,679,647,572,477,528,474,390,484,611,511,356,330,365,313,229,211,240,254,232,203,217,226
167,186,184,193,211,233,243,247,240,203,212,206,248,288,345,379,378,363,321,347,341,347,357,315,248,270,314,318,321,353,384,342,276,235,226,269,331,331,332,245,224,290,331,296,263,214,206,220,216,214,241,272,268,245,223,206,217,225,223,217,214,190,219,167,152,185,216,226,231,258,285,298,321,378,510,658,707,660,630,640,637,535,438,397,346,463,559,585,477,332,285,274,260,222,196,210,227,214,189,210
153,156,172,197,215,227,277,282,272,317,367,334,301,237,279,359,341,295,335,354,308,328,363,324,248,243,289,267,315,336,343,340,351,340,324,263,232,305,273,227,193,244,271,257,236,213,194,192,196,203,240,261,247,235,241,267,233,229,195,165,168,160,176,153,162,210,252,273,273,285,304,343,401,443,520,581,681,744,686,597,567,567,578,534,436,347,322,416,553,531,412,321,248,225,241,194,182,205,181,215
154,156,162,189,214,240,268,341,370,370,377,378,369,316,254,268,298,267,305,315,316,299,298,349,279,222,223,217,222,232,246,253,266,289,307,267,203,238,246,200,169,180,190,197,227,274,230,195,177,198,209,209,197,202,251,288,250,219,199,183,188,177,161,179,212,258,296,321,345,364,333,373,328,353,460,558,664,758,778,695,625,558,506,573,611,555,410,298,325,458,588,481,353,246,191,203,169,181,167,214
122,147,175,206,254,337,399,394,369,353,340,336,358,363,351,310,273,258,237,245,276,277,246,250,289,291,214,205,204,213,203,192,197,219,209,201,183,162,161,176,175,180,252,187,162,166,178,171,168,184,179,173,167,219,276,280,256,237,208,195,205,175,161,212,237,238,266,317,432,511,386,290,280,359,516,623,593,652,632,717,743,643,553,473,526,611,556,369,268,385,467,505,492,309,219,166,156,146,196,259
179,188,221,317,388,389,375,377,337,322,313,298,293,294,319,334,335,316,257,225,225,230,219,237,219,212,194,225,260,275,263,231,201,203,210,182,183,205,253,270,215,176,171,155,155,145,137,135,140,177,190,164,156,176,219,222,227,239,225,197,181,173,160,176,198,214,240,298,357,368,510,374,256,304,414,544,586,495,479,605,670,712,644,514,430,513,574,468,345,266,254,324,485,463,302,207,155,143,211,288
219,205,242,254,295,342,338,329,316,337,336,319,331,322,298,267,270,259,256,255,271,246,249,342,332,292,215,218,267,323,356,282,227,286,291,277,327,313,324,298,256,210,210,193,164,167,203,209,191,169,170,144,133,141,140,152,167,202,221,191,168,157,155,161,179,203,253,362,447,295,317,383,240,252,362,432,556,566,415,492,493,537,636,546,429,405,521,540,476,401,329,234,292,441,344,208,139,139,232,288
274,262,256,286,321,321,345,346,326,347,348,351,346,330,295,267,286,307,308,324,320,238,287,349,330,256,247,235,240,322,365,296,298,310,350,336,342,329,298,244,204,193,185,190,196,211,244,263,283,274,243,173,139,144,154,133,146,204,224,194,173,160,156,155,156,193,299,461,475,382,294,238,196,232,332,406,503,590,405,391,406,503,598,540,407,361,441,441,482,462,379,239,243,433,410,273,175,121,160,200
257,270,285,316,338,353,370,364,348,370,381,357,333,304,298,318,340,350,360,348,305,234,317,361,328,238,282,260,227,281,318,307,313,324,323,331,316,280,234,209,230,221,235,239,246,256,264,260,264,232,199,183,164,148,134,126,121,139,160,169,190,225,203,161,156,197,319,430,394,316,391,316,186,267,368,476,603,589,495,349,339,399,486,541,498,393,341,339,407,425,266,208,338,461,472,404,224,134,119,160
233,239,300,380,395,398,400,395,398,412,409,388,364,374,346,387,373,352,346,332,306,240,284,284,239,274,296,248,279,281,303,321,324,332,332,321,291,256,232,248,263,264,310,372,335,336,296,256,231,228,229,210,215,238,218,181,168,146,117,115,133,227,308,196,163,191,271,339,395,295,247,224,180,262,323,484,641,535,464,466,327,313,380,428,487,529,425,329,295,338,211,223,388,325,314,388,217,131,117,138
241,237,255,293,304,381,419,445,470,479,457,412,421,481,433,438,373,339,320,282,254,287,303,281,281,341,318,245,279,306,303,316,351,378,411,398,291,247,318,411,369,328,457,552,515,416,326,304,331,356,288,288,359,388,356,360,356,289,186,128,115,132,246,252,186,194,268,340,296,221,153,135,204,310,424,563,653,534,422,356,339,285,257,336,442,512,450,399,346,272,305,190,206,196,275,341,260,147,108,111
223,270,316,335,369,372,390,470,541,570,523,501,494,557,544,471,398,333,280,253,301,343,375,359,378,374,320,253,259,309,358,387,486,561,489,363,269,346,451,561,455,430,530,623,465,463,410,387,503,402,317,419,505,504,449,384,347,285,187,141,130,113,133,193,201,190,256,315,256,167,113,118,206,320,466,477,513,626,638,554,409,265,236,346,378,468,498,418,346,273,282,337,271,204,166,203,239,158,116,147
331,399,446,422,497,508,468,548,606,705,603,571,522,508,482,464,420,346,324,309,307,358,406,448,514,511,419,294,264,331,453,511,574,575,466,371,319,445,577,607,631,590,720,602,529,583,430,504,474,379,442,553,483,401,379,355,318,274,180,210,276,170,118,157,208,235,204,147,137,128,115,97,111,184,287,297,379,536,556,541,383,240,255,354,434,357,417,397,325,251,245,286,257,217,153,183,192,137,123,159
401,521,548,536,607,600,604,661,655,739,701,610,559,500,420,476,493,419,396,327,329,391,468,531,567,544,466,302,282,390,470,515,564,574,562,419,377,530,586,568,667,776,723,639,678,572,513,559,471,547,626,692,551,478,412,403,372,282,192,233,291,204,123,200,245,210,144,126,157,207,248,195,123,90,130,192,309,357,338,381,323,209,208,232,240,217,213,194,200,231,233,242,314,312,174,150,142,140,155,199
453,574,538,551,593,579,546,562,621,637,668,637,558,500,392,462,530,470,368,388,441,407,471,545,541,401,330,326,415,473,556,493,478,537,561,537,490,467,491,548,699,765,694,580,526,550,611,600,632,717,649,719,711,573,480,416,364,262,197,309,409,353,223,164,146,125,124,119,111,108,125,132,120,94,82,90,128,171,191,217,213,173,151,172,212,254,279,328,339,403,336,263,237,320,181,147,149,179,196,233
487,593,523,490,476,460,484,530,536,565,597,612,512,434,350,451,455,391,463,577,574,538,539,524,450,437,466,436,465,532,575,454,440,574,672,666,561,482,438,599,660,606,678,680,553,463,516,655,686,646,518,557,562,554,564,492,385,243,230,395,430,360,277,213,183,192,183,182,188,213,236,221,195,172,151,132,86,73,99,167,201,185,151,247,318,406,426,492,488,420,368,298,227,198,141,139,180,264,330,308
524,541,461,403,415,427,468,475,476,500,521,559,478,334,310,406,340,401,520,631,651,629,582,477,500,621,526,413,492,588,519,397,459,610,646,611,565,491,422,555,524,548,664,665,568,453,474,566,617,579,505,447,460,384,410,362,269,223,323,370,278,211,250,311,353,305,255,310,366,378,347,311,275,249,223,193,131,78,75,82,123,159,116,198,278,302,381,372,381,363,310,344,264,166,129,143,193,327,347,250
482,444,408,426,432,418,452,444,500,490,477,440,427,354,243,282,372,452,528,569,559,552,534,478,447,554,504,399,483,507,428,399,514,566,551,516,508,493,422,424,434,566,561,556,601,480,413,479,527,472,412,340,357,294,248,254,303,377,327,247,287,388,456,475,425,317,380,435,420,377,347,332,306,258,210,166,131,120,109,97,69,79,85,132,235,298,307,347,309,290,279,280,305,170,119,130,176,252,226,182
447,356,402,416,406,399,408,409,495,517,481,424,347,243,230,313,393,460,491,496,497,468,457,440,406,454,459,400,409,423,364,398,450,478,474,455,459,455,423,353,463,515,434,524,542,526,467,400,370,403,504,448,396,392,460,474,466,349,278,410,485,513,507,466,435,454,517,514,494,489,500,494,466,341,304,289,264,239,219,246,150,68,62,63,78,109,137,156,188,168,163,168,198,130,101,112,137,171,190,165
363,328,353,381,359,363,343,388,461,460,442,378,264,221,301,344,407,476,501,485,457,440,426,407,368,368,412,382,348,352,326,351,413,435,434,423,420,416,412,366,378,374,454,454,470,487,504,509,410,339,436,486,461,463,491,502,460,354,417,446,469,521,540,527,518,518,515,506,493,495,506,493,499,498,487,480,445,376,333,315,240,160,104,82,77,65,54,50,50,57,66,75,75,80,90,122,148,165,169,149
284,295,328,326,308,299,317,359,375,371,371,367,319,206,237,330,412,437,420,422,424,429,414,389,361,346,390,366,319,290,314,408,442,434,402,394,376,394,396,383,369,317,376,402,459,476,476,478,436,388,353,394,447,495,523,546,533,517,535,502,445,512,528,524,513,496,474,455,454,472,465,454,463,484,495,497,484,468,434,308,228,165,163,172,152,123,97,83,82,70,53,56,55,63,107,191,201,173,148,125
238,268,274,262,253,264,267,270,297,325,348,338,258,189,213,319,383,367,365,367,382,397,393,385,360,329,348,337,278,285,376,435,408,392,369,349,362,375,362,350,341,291,348,388,418,428,424,422,404,372,338,435,456,480,550,590,586,557,531,508,451,449,485,479,472,478,462,444,426,417,420,421,421,428,434,424,410,407,391,301,189,253,351,317,246,189,197,239,267,205,108,58,47,57,95,155,179,161,149,148
215,230,224,212,199,206,224,231,216,204,197,175,164,179,248,315,333,321,323,343,376,374,363,361,337,291,316,311,268,321,368,394,374,326,328,356,395,428,386,345,326,286,300,357,394,428,430,426,418,389,356,351,439,511,560,550,525,525,524,484,453,415,423,430,434,443,419,403,388,374,396,403,408,398,365,360,345,322,289,306,323,351,406,407,262,293,392,484,509,393,250,105,50,51,70,110,153,146,114,95
197,193,184,177,155,155,139,139,168,189,194,203,212,229,248,263,271,283,297,312,318,322,328,327,300,258,288,272,280,323,335,335,318,345,379,417,429,442,419,377,336,294,274,337,392,399,373,364,381,388,366,341,457,525,548,526,491,456,470,482,453,422,386,366,390,384,379,366,346,333,353,384,370,352,353,381,418,424,408,418,448,461,463,441,406,430,508,504,449,363,280,208,89,46,46,61,87,117,106,73
157,170,166,136,111,114,135,211,248,256,287,282,266,242,237,235,238,252,261,268,278,283,288,289,254,226,256,234,288,313,291,297,346,377,376,370,369,395,402,388,383,362,306,257,384,412,368,331,341,336,345,346,466,490,506,510,473,419,390,406,416,396,375,351,338,338,371,376,344,311,313,390,396,355,350,413,486,489,452,426,425,420,439,470,470,471,492,478,370,277,263,258,176,68,50,46,53,66,58,53
118,125,130,101,98,124,181,251,268,265,243,233,244,253,259,236,229,227,220,225,240,247,243,228,198,225,247,205,250,258,262,283,296,298,302,311,339,360,362,350,360,387,362,297,303,413,370,300,277,326,336,351,400,419,452,446,430,399,360,345,363,383,396,387,358,318,341,386,370,343,293,366,449,409,328,370,431,467,528,501,439,388,382,381,385,401,446,477,471,387,256,194,160,98,64,48,41,39,38,35
138,79,74,77,114,172,233,252,211,195,210,242,276,305,317,276,258,263,250,238,221,207,186,160,200,217,206,183,264,295,284,265,257,296,333,349,371,367,360,368,403,410,389,355,259,309,311,257,274,313,340,332,342,382,406,396,373,347,326,305,331,385,435,433,380,318,324,382,426,404,293,321,464,505,365,306,346,402,514,495,526,459,397,361,334,330,378,425,449,443,378,277,202,142,100,73,58,50,52,69
76,80,130,167,153,170,200,175,157,191,228,265,300,352,390,340,286,266,287,268,237,211,189,133,155,142,155,210,293,314,300,271,241,268,300,324,350,344,347,354,373,376,347,323,286,242,227,233,277,282,300,286,314,341,374,403,403,388,368,304,291,341,397,389,376,357,299,329,414,415,293,290,428,470,465,288,321,467,497,411,524,555,517,490,424,375,333,325,396,374,304,229,197,151,120,106,89,76,82,85
123,268,317,210,148,168,170,141,173,214,273,352,426,459,425,342,257,203,198,185,157,136,113,93,142,186,200,201,217,225,225,221,212,227,265,294,289,274,288,297,324,351,359,328,302,274,233,198,210,225,236,271,318,374,401,423,419,402,389,354,282,285,328,350,322,384,393,281,344,449,360,260,339,362,467,300,307,472,423,365,487,502,495,499,500,445,391,293,347,403,405,392,303,222,150,115,101,89,82,77
278,328,293,212,129,123,140,239,318,322,394,404,379,429,315,277,206,111,71,65,73,91,114,188,224,228,218,209,211,212,208,211,203,201,221,243,235,218,229,239,270,314,361,401,380,313,267,225,193,177,220,256,305,362,370,375,374,387,369,356,328,261,267,304,288,392,458,361,263,392,418,325,242,280,443,396,255,374,333,372,506,528,492,456,387,376,355,298,283,373,417,436,370,262,158,117,93,80,72,68
318,353,314,215,120,121,219,291,327,368,397,302,258,287,172,139,82,50,64,119,160,191,210,200,213,237,232,236,244,243,235,228,211,199,189,184,184,179,187,200,227,248,306,381,411,386,316,275,220,177,175,221,270,335,361,334,325,361,412,341,383,381,279,233,261,402,411,435,300,309,358,417,337,232,408,435,331,258,270,301,419,511,497,455,369,302,284,273,253,321,371,411,313,185,135,121,106,89,98,108
315,346,296,221,132,129,192,255,336,381,340,240,152,136,62,41,76,148,154,159,191,266,314,345,334,342,297,286,302,376,369,308,272,250,232,223,219,198,170,156,167,190,249,258,286,380,364,288,244,200,163,169,216,303,380,365,294,336,437,382,325,402,413,367,237,299,329,408,421,289,342,402,390,256,313,392,373,361,245,274,399,451,451,412,344,265,242,222,238,311,346,373,247,128,104,111,104,98,113,102
361,317,229,140,112,182,262,337,348,339,277,126,52,39,87,194,294,346,307,269,345,451,499,548,511,527,406,381,392,471,490,442,423,400,365,348,300,237,204,171,143,140,166,188,221,315,394,379,399,322,230,174,154,210,362,345,272,376,438,415,368,316,326,406,373,250,255,340,386,291,317,373,344,336,265,278,315,327,296,218,316,431,444,435,399,326,265,210,221,286,287,306,238,120,84,77,79,72,73,74
329,239,143,99,157,243,308,308,224,155,58,32,55,130,243,324,342,319,379,431,514,547,532,514,569,559,527,490,494,471,461,467,463,464,371,283,245,234,198,179,159,137,126,137,165,204,325,408,464,464,388,288,192,152,282,336,270,365,360,374,396,382,316,317,378,350,301,229,321,273,281,297,316,363,386,313,224,217,271,347,383,413,391,354,328,285,227,196,161,199,220,220,227,116,79,84,117,99,75,71
219,194,98,105,180,253,224,169,60,35,61,107,168,224,227,233,260,331,429,479,470,484,455,493,534,510,471,424,440,490,463,436,418,402,379,364,392,370,328,315,293,214,159,125,119,142,225,297,346,444,440,363,271,163,210,335,258,265,305,365,382,350,312,274,318,307,311,254,248,299,269,239,261,322,337,324,277,188,237,244,285,352,385,393,373,306,242,262,215,162,155,170,172,102,89,123,139,126,106,98
180,136,97,87,175,186,91,34,84,175,215,228,231,288,340,364,397,431,451,457,384,400,393,484,523,521,498,367,299,467,512,496,463,412,376,407,404,395,354,323,341,321,250,156,123,118,163,227,227,304,393,382,262,151,195,353,311,232,235,317,353,362,314,280,254,251,230,198,238,279,297,258,220,277,286,294,280,247,231,179,287,337,362,337,326,283,271,223,198,179,154,132,112,104,115,115,107,105,88,89
196,79,52,61,64,30,52,100,174,247,297,320,302,296,321,386,467,470,416,350,340,318,403,489,524,516,472,381,251,339,443,497,462,439,387,356,390,383,343,249,236,237,207,269,274,193,138,125,134,149,230,352,317,186,158,310,326,307,224,240,318,331,317,286,274,280,250,193,208,244,267,255,199,217,256,270,259,210,175,235,270,278,327,309,292,305,364,372,261,231,227,152,103,96,106,100,118,108,90,112
76,25,34,61,101,169,221,247,273,285,282,293,316,365,439,448,458,440,345,242,300,363,439,499,506,464,347,263,258,223,268,360,388,373,407,405,312,375,393,368,357,342,290,383,422,345,302,297,263,146,130,245,349,277,154,270,303,263,239,205,260,278,290,258,236,253,233,190,171,218,232,208,184,231,252,256,236,189,160,234,270,322,322,371,440,454,443,389,349,296,216,137,99,90,93,76,87,86,121,110
19,56,117,183,248,230,235,269,293,279,277,313,342,377,378,342,403,329,266,302,416,478,459,441,490,494,342,398,432,303,231,201,257,249,284,419,379,310,307,317,318,378,424,405,394,379,359,335,319,269,195,133,198,283,231,164,266,248,183,172,212,233,263,253,216,203,193,160,159,213,218,181,189,228,237,227,207,161,147,215,286,335,364,370,362,414,449,367,295,236,156,114,82,91,104,100,82,69,89,79
60,108,173,242,293,254,186,262,303,239,286,338,366,356,255,329,350,234,346,356,336,363,337,437,484,501,468,511,468,410,428,309,221,178,198,312,420,448,377,375,316,238,358,432,406,327,316,275,265,245,260,202,136,126,188,147,164,145,141,151,166,180,206,223,224,191,192,144,148,196,222,180,151,171,180,177,164,143,133,239,270,342,301,287,383,434,449,361,244,158,120,97,71,73,100,92,79,79,55,77
85,128,172,207,251,217,146,203,209,259,326,341,294,266,221,209,237,216,296,249,352,366,331,334,396,445,489,535,402,340,328,307,239,214,204,170,231,371,321,329,390,328,257,268,393,374,313,321,327,255,211,266,273,204,126,149,151,122,150,159,152,152,158,187,213,190,180,168,142,189,205,187,141,154,198,235,245,219,133,157,260,270,245,355,400,397,394,295,202,143,103,84,63,59,75,91,67,54,66,45
111,147,152,152,133,157,204,232,206,242,220,180,195,207,208,282,296,286,253,282,361,391,414,449,476,487,503,532,498,428,378,285,341,326,279,204,165,178,180,193,273,345,283,207,301,359,361,311,283,247,188,193,246,291,216,97,114,164,169,156,158,182,208,188,169,168,140,144,138,168,183,168,143,214,261,303,303,261,103,200,270,300,356,386,301,365,328,220,145,107,88,76,58,50,60,90,70,47,68,76
182,170,193,221,161,151,214,164,166,209,204,262,303,335,298,248,218,229,270,322,401,475,528,425,390,478,545,477,444,348,379,467,501,464,372,283,270,288,292,244,159,207,251,192,202,249,323,313,280,248,210,172,165,251,158,85,181,219,202,195,202,226,251,270,225,149,104,123,167,199,226,206,157,240,265,326,338,281,134,142,170,221,269,272,330,335,252,166,127,97,87,71,52,45,42,56,62,46,37,54
263,259,251,316,271,112,152,172,250,305,310,305,303,347,320,225,184,253,334,390,385,441,430,290,258,319,408,500,374,278,291,358,494,492,427,415,357,290,287,245,148,256,303,264,249,153,233,337,313,269,238,194,135,153,133,74,98,155,166,203,232,271,308,316,267,189,125,100,145,212,281,238,136,212,251,323,318,371,256,90,234,330,289,358,351,277,162,122,112,79,74,46,38,45,45,44,32,27,23,23
170,177,128,109,73,86,187,211,201,199,209,241,254,319,287,171,208,296,365,363,340,392,335,299,199,321,403,456,372,269,201,273,394,486,427,373,358,327,263,218,152,181,192,224,228,137,221,301,284,291,262,227,183,160,148,90,91,188,289,309,304,302,300,324,303,273,224,129,109,215,299,294,155,134,238,261,207,271,213,80,140,151,169,228,243,177,133,97,83,62,54,28,24,45,40,45,41,52,53,29
182,139,59,66,88,132,142,126,137,164,185,200,223,239,209,148,157,176,203,204,210,290,308,274,201,214,306,393,365,211,231,364,388,431,429,402,368,389,361,302,236,174,222,198,182,125,130,135,137,147,164,153,209,192,122,82,159,248,352,333,258,217,285,301,310,316,259,115,107,197,270,324,285,187,157,140,126,156,193,172,131,108,68,110,153,181,148,83,62,66,49,33,24,27,37,22,35,42,26,24
167,114,79,205,204,212,157,141,224,227,277,298,279,216,205,181,145,120,136,178,174,273,315,245,204,189,273,337,313,189,227,303,360,351,370,372,351,315,317,379,323,249,221,256,228,176,212,246,239,235,220,137,96,96,66,102,204,278,336,324,302,217,214,244,275,289,211,86,148,154,221,248,270,255,253,239,213,222,249,291,301,224,108,52,59,91,108,107,94,71,48,53,29,13,29,32,9,14,22,16
12,15,83,126,102,112,122,183,226,224,237,281,272,255,224,168,153,129,123,173,182,292,259,306,236,171,291,342,294,223,206,341,290,286,349,363,316,250,242,335,299,238,195,179,234,240,307,358,327,295,293,241,146,124,130,74,90,169,218,240,249,214,163,186,215,217,198,91,93,89,108,102,101,100,111,121,102,83,75,108,164,211,186,149,118,64,43,66,82,81,53,37,25,36,33,10,7,26,54,61
6,9,15,103,171,204,214,270,299,315,330,330,333,299,235,180,179,188,131,100,118,170,164,243,299,219,191,292,254,221,155,258,217,229,274,280,253,208,238,255,233,196,162,162,191,178,205,263,268,245,212,183,199,214,182,122,58,65,87,148,225,298,275,224,158,134,134,98,77,71,69,68,64,63,66,70,105,127,114,59,61,73,123,161,137,110,75,37,39,60,67,59,80,69,38,18,7,8,19,25
11,11,10,24,113,180,189,234,268,229,286,274,307,293,249,204,154,132,119,105,89,121,124,110,143,157,122,159,206,140,161,175,159,171,201,199,181,164,190,181,167,155,129,149,175,159,153,141,161,195,191,220,222,203,196,189,131,78,48,56,110,198,247,242,179,127,110,96,84,78,86,94,94,123,104,106,144,173,152,99,77,48,41,62,77,77,73,57,50,30,34,55,65,62,36,18,9,6,6,7
